{
    "14": 0.041033986075940776,
    "15": -0.05618204635631141,
    "16": -0.729024369442651,
    "17": 1.635415267484579,
    "18": -0.43689690314967916,
    "19": -0.012271846303085088,
    "20": -0.03029612056074138,
    "21": 1.0142489221901374,
    "22": -1.6206507024011798,
    "23": -0.16078036133026363
}