{
    "14": 1.4518169419345166,
    "15": 0.687415140571253,
    "16": -2.5719105384887633,
    "17": -3.262106019238059,
    "18": -3.5374555706635316,
    "19": 2.7572345924251973,
    "20": -0.617139645726242,
    "21": -0.8911469639623146,
    "22": -2.554557380825807,
    "23": 3.2539567463024164
}