{
    "14": -0.2532985775996166,
    "15": -0.058770638935868647,
    "16": 0.706877521817552,
    "17": 1.4641846620368444,
    "18": 0.0005752427954570649,
    "19": -0.0071905349432137555,
    "20": 0.0021092235833427564,
    "21": 0.006423544549271187,
    "22": -0.0010546117916714337,
    "23": -0.0040266995681998985
}