{
    "14": -0.0896420022920672,
    "15": -0.018887138450842,
    "16": 0.9669831391634112,
    "17": 0.10200972239439521,
    "18": 0.00019174759848583633,
    "19": -0.006040049352299626,
    "20": 0.001821602185614224,
    "21": 0.005177185159114028,
    "22": -0.001150485590914574,
    "23": -0.0032597091742569972
}