{
    "14": -0.2666250356943731,
    "15": -0.05867476513662573,
    "16": 0.5813787186086579,
    "17": 1.4636094192413873,
    "18": 1.2845171622557388,
    "19": -0.008724515731099558,
    "20": 0.0033555829734999154,
    "21": 0.00786165153791396,
    "22": -0.0008628641931860415,
    "23": -0.004889563761385496
}