{
    "14": -0.6533799418400403,
    "15": -0.036815538909255374,
    "16": 0.35415781440309724,
    "17": 0.6167561505292705,
    "18": 1.2467428853540548,
    "19": -0.011504855909142186,
    "20": 0.005656554155328286,
    "21": 0.010833739314442425,
    "22": -0.00019174759848583633,
    "23": -0.006327670750028158
}