{
    "14": -0.1948155600614765,
    "15": -0.08369782673901027,
    "16": 0.43804738874059357,
    "17": 0.38694665374415305,
    "18": 1.247414001948755,
    "19": -0.015243934079613553,
    "20": 0.005848301753814011,
    "21": 0.014093448488699312,
    "22": 0.002972087776528465,
    "23": -0.0035473305719855297
}