{
    "14": -0.051771851591140505,
    "15": -0.009108010928071009,
    "16": 0.08465656473143879,
    "17": -0.02406432360995625,
    "18": 0.08561530272386753,
    "19": -0.01610679827279915,
    "20": 0.005752427954571204,
    "21": 0.014860438882642213,
    "22": 0.003739078170470922,
    "23": -0.0026844663787999323
}