{
    "14": -0.6622003313703828,
    "15": 0.17746240239852007,
    "16": 0.5035291936234616,
    "17": 1.6354152674845794,
    "18": 0.38512505155853877,
    "19": 0.78175495902622,
    "20": 0.010450244117470864,
    "21": -0.8411967145567883,
    "22": -1.166688262986273,
    "23": -0.27506193002774404
}