{
    "14": -1.0338071772356794,
    "15": 0.0046978161628997706,
    "16": 0.31724640169459906,
    "17": 1.5250645245560555,
    "18": 1.5077113668930997,
    "19": 0.9735984313111681,
    "20": 0.037966024500169726,
    "21": -0.25953037455040195,
    "22": -1.490358209230143,
    "23": -1.1876846250204578
}