{
    "14": -1.1513484551074165,
    "15": -0.10479006257243784,
    "16": 0.3793726236039676,
    "17": 1.5112586974650855,
    "18": 1.3372477518393078,
    "19": 1.0987137393230908,
    "20": 0.07526093240563936,
    "21": -0.33277795717194136,
    "22": -1.493905539802129,
    "23": -1.4778946153285724
}