{
    "14": 0.05234709438659757,
    "15": -0.0010546117916713227,
    "16": -0.055319182163126035,
    "17": 0.25061411122081667,
    "18": -0.005944175553056874,
    "19": 0.46105710055887794,
    "20": 0.3737160694486394,
    "21": 0.5770643976427297,
    "22": -1.4928509280104576,
    "23": 0.5225122058735465
}