{
    "14": -0.36729252489936814,
    "15": -0.01418932228794223,
    "16": 0.08609467172008167,
    "17": 1.000443095099166,
    "18": -0.12166385123917994,
    "19": 0.2806226103838294,
    "20": 0.06586530007983982,
    "21": 0.02674878998875585,
    "22": -1.1024528174935617,
    "23": -0.13959225169759337
}