{
    "14": -0.36566267031223965,
    "15": -0.00901213712882809,
    "16": -0.05205947298886904,
    "17": 1.4081943632790188,
    "18": 1.3710912029720348,
    "19": 0.3110146047438138,
    "20": 0.05733253194722587,
    "21": 0.0287621397728558,
    "22": -1.3885402344342337,
    "23": -1.2572890032707686
}