{
    "14": -0.0021092235833428674,
    "15": -0.00910801092807123,
    "16": 0.005081311359871166,
    "17": -0.00786165153791396,
    "18": -0.0021092235833427564,
    "19": 0.05704491054949745,
    "20": 0.10718690755350918,
    "21": -0.7252852912721798,
    "22": -0.29816751564527166,
    "23": -0.18714565612204814
}