{
    "14": -0.002492718780314318,
    "15": -0.00249271878031454,
    "16": 0.0017257283863713613,
    "17": -0.002972087776528465,
    "18": -0.0006711165946999623,
    "19": 0.23604129373590332,
    "20": 0.08504005992841024,
    "21": -0.21025124173957577,
    "22": -1.620267207204209,
    "23": -0.5931711959155288
}