{
    "14": -0.0021092235833428674,
    "15": -0.006998787344728363,
    "16": 0.0034514567727427226,
    "17": -0.005464806556842561,
    "18": -0.001533980787885636,
    "19": 0.7682367533329777,
    "20": 0.26269420992541603,
    "21": 0.23786289592151721,
    "22": -0.890379973568372,
    "23": -0.2634612003193588
}