{
    "14": -1.7056907623295903,
    "15": -0.07430219441321073,
    "16": -0.005177185159114028,
    "17": 1.6958157610075766,
    "18": 1.0650620357888492,
    "19": 1.5816300661093385,
    "20": 0.18311895655384836,
    "21": -0.03269296554181267,
    "22": -1.661013571882421,
    "23": -0.9002549748903858
}