{
    "14": -1.540596080033398,
    "15": -0.0452524332426264,
    "16": -0.16356070150830648,
    "17": 1.693323042227262,
    "18": 0.1728604600348632,
    "19": 1.5264067577454559,
    "20": 0.22281070944038933,
    "21": 0.1440024464627646,
    "22": -1.6573703675111924,
    "23": -0.2572294033685736
}