{
    "14": -1.0078253776408663,
    "15": 0.1670121582810492,
    "16": 1.2911324544034954,
    "17": 1.6885293522651192,
    "18": 0.12990899797406524,
    "19": 0.7217379607001941,
    "20": -0.07909588437535342,
    "21": -1.2388812338161408,
    "22": -1.3792404759076775,
    "23": -0.7249976698744512
}