{
    "14": 0.06413957169346829,
    "15": -0.04649879263278345,
    "16": 0.2946201850732859,
    "17": 0.17794177139473444,
    "18": -0.07660316559503921,
    "19": 0.03767840310244086,
    "20": 0.015819176875070617,
    "21": -0.5634503181502446,
    "22": 0.010546117916713449,
    "23": -0.12770390059147974
}