{
    "14": -1.1955462765583715,
    "15": 0.13134710496270807,
    "16": -0.5097609905742472,
    "17": 1.691884935238619,
    "18": 1.3080062430702375,
    "19": 0.8550025416477594,
    "20": -0.015243934079613553,
    "21": -1.289502599816367,
    "22": -1.407427372885076,
    "23": -0.6337258129952555
}