{
    "14": -1.6538230369392068,
    "15": 0.0880121477049387,
    "16": 0.3933701982934241,
    "17": 1.626978373151208,
    "18": 1.1030280602890188,
    "19": 1.491700442419543,
    "20": 0.08350607914052455,
    "21": 0.2904976117058433,
    "22": -1.5304334573136558,
    "23": -0.9512598360875832
}