{
    "14": -1.417685869404061,
    "15": 0.07353520401926794,
    "16": -0.27352794923985835,
    "17": 1.578945599730539,
    "18": 1.201106956914457,
    "19": 1.3066640098808375,
    "20": 0.1333604547468079,
    "21": 0.07219297082986798,
    "22": -1.572138559984297,
    "23": -1.0921943209745766
}