{
    "14": -0.9952659099400526,
    "15": 0.08791627390569579,
    "16": 1.2547962844904545,
    "17": 1.4753060227490158,
    "18": 0.4296104944072224,
    "19": 1.1005353415087047,
    "20": 0.0015339807878855805,
    "21": 0.023393207015256046,
    "22": -1.6582332317043784,
    "23": -0.037774276901684
}