{
    "14": -0.776481900067863,
    "15": 0.030008499163012847,
    "16": -0.2090048823494186,
    "17": 1.6354152674845794,
    "18": 0.09491506125042404,
    "19": 0.7767695214655914,
    "20": -0.00949150612504246,
    "21": 0.33325732616815557,
    "22": -1.6549735225301214,
    "23": -0.20354007579257605
}