{
    "14": -0.07008374724652522,
    "15": -0.03892476249259813,
    "16": 0.62816513263917,
    "17": 0.9878836273983529,
    "18": -0.0674951546669682,
    "19": 0.09481918745118101,
    "20": 0.08034224376551047,
    "21": -0.7571153926208067,
    "22": -0.9458909033299836,
    "23": -0.2969211562551145
}