{
    "14": -1.3817331946879914,
    "15": -0.1530145835915926,
    "16": 0.5407282277296885,
    "17": 1.5948606504048528,
    "18": 1.5896834652457383,
    "19": 0.006807039746242527,
    "20": -0.007669903939428235,
    "21": 0.08110923415945326,
    "22": -0.0764114179965536,
    "23": 0.01601092447355623
}