{
    "14": -0.6117707129686422,
    "15": -0.007574030140185317,
    "16": -0.009587379924285377,
    "17": 0.6990158702796383,
    "18": -0.7625801991776494,
    "19": 0.47841025822183436,
    "20": 0.04678641403051209,
    "21": 0.07343933022002513,
    "22": -0.9834734326331813,
    "23": 0.5262512840440177
}