{
    "14": -0.6761979060598391,
    "15": -0.2222354666449322,
    "16": 0.4955716682863047,
    "17": 0.8975705085115862,
    "18": -0.44773064246412153,
    "19": 0.5998823618625284,
    "20": 0.26154372433450185,
    "21": -0.3809066043918533,
    "22": -1.0778132510881484,
    "23": -0.003834951969714062
}