{
    "14": -0.07027549484501106,
    "15": -0.018311895655384824,
    "16": 0.6394782409498267,
    "17": 0.4095728703654662,
    "18": -0.053305832379026086,
    "19": 2.1768146118089677,
    "20": 0.3429405798916837,
    "21": -0.8794503604546866,
    "22": -1.5605378302759112,
    "23": 1.3004322129300525
}