{
    "14": -0.0006711165946999831,
    "15": 0.005752427954571204,
    "16": -0.004601942363656963,
    "17": -0.0022050973825855635,
    "18": -0.007957525337156657,
    "19": 0.21878400987218916,
    "20": 0.24869663523595953,
    "21": 1.1336118022474888,
    "22": -1.5455815175940262,
    "23": 0.2427524596829027
}