{
    "14": -0.22213959284568952,
    "15": -0.05905826033359718,
    "16": -0.48492967657034824,
    "17": 1.6912138186439192,
    "18": -0.05292233718205441,
    "19": 0.2389175077131882,
    "20": 0.14093448488699323,
    "21": 0.6509830968589689,
    "22": -1.5546895285220974,
    "23": -0.060879862519211514
}