{
    "14": -0.10335195558379517,
    "15": -0.5623957063585732,
    "16": 0.19050123909554806,
    "17": 1.6350317722876082,
    "18": 1.3738715431500772,
    "19": -0.0035473305719855297,
    "20": -0.0034514567727427226,
    "21": -0.0028762139772856576,
    "22": -0.001821602185614335,
    "23": -0.0008628641931855974
}