{
    "14": -0.9283459980685416,
    "15": 0.02435194500768456,
    "16": 0.5038168150211904,
    "17": 0.6694867401128395,
    "18": 0.9766663928869392,
    "19": -0.003067961575771161,
    "20": -0.003163835375014079,
    "21": -0.0017257283863714168,
    "22": -0.0005752427954570649,
    "23": -0.0009587379924282935
}