{
    "14": -0.18302308275460555,
    "15": -0.04947088040931191,
    "16": 0.29490780647101444,
    "17": 1.5153812708325276,
    "18": 1.5683036080145825,
    "19": 0.1568495355613071,
    "20": -0.1316347263604365,
    "21": -0.8174200123445611,
    "22": -0.6894284903553527,
    "23": -0.39778039305859547
}