{
    "14": -0.0913677306784384,
    "15": -0.08839564290191015,
    "16": 0.27036411386484427,
    "17": 0.6827173244083529,
    "18": 0.8963241491214287,
    "19": 0.13786652331122218,
    "20": 0.05953762932981144,
    "21": -0.37314082665318227,
    "22": -0.4331578249792081,
    "23": -0.9165535207616706
}