{
    "14": -0.07784952498519626,
    "15": -0.04956675420855483,
    "16": 0.11380219970126615,
    "17": 0.26796726888377265,
    "18": -0.0926140900685956,
    "19": 0.08973787609131012,
    "20": 0.04755340442445488,
    "21": -0.04726578302672635,
    "22": -0.2803349889861009,
    "23": 0.21485318410323262
}