{
    "14": -0.7688119961284346,
    "15": -0.13633254252333638,
    "16": 0.20469056138349018,
    "17": 1.4463521353776736,
    "18": 0.0017257283863713474,
    "19": 0.6587488745976402,
    "20": 0.12895025998163667,
    "21": -0.11955462765583713,
    "22": -1.557182247302411,
    "23": -0.4382391363390792
}