{
    "14": -0.3604854851531256,
    "15": -0.24131435269425994,
    "16": 0.3567464069826545,
    "17": 1.4668691284156443,
    "18": 0.8250899162839892,
    "19": 0.31206921653548525,
    "20": 0.2175376504820325,
    "21": -0.37726340002062486,
    "22": -1.3593945994644066,
    "23": -0.9837610540309103
}