{
    "14": -0.27525367762622954,
    "15": -0.08082161276172473,
    "16": 0.13546967833015078,
    "17": 1.3560390164909064,
    "18": -0.16643691548559209,
    "19": 0.21485318410323284,
    "20": 0.11207647131489462,
    "21": -0.0673992808677254,
    "22": -1.4540220393171022,
    "23": -0.06998787344728252
}