{
    "14": 0.008245146734885411,
    "15": 0.030391994359984298,
    "16": 0.0011504855909141298,
    "17": 0.0026844663787999323,
    "18": 0.0012463593901570758,
    "19": 0.35319907641066894,
    "20": 0.00316383537501419,
    "21": 0.04218447166685513,
    "22": -1.138788987406603,
    "23": 0.22808376839874633
}