{
    "14": 0.35166509562278336,
    "15": -0.45913962457402097,
    "16": -1.1213399559444037,
    "17": 1.5975451167836527,
    "18": 0.3251080532325128,
    "19": -0.0023009711818287037,
    "20": 0.0014381069886427733,
    "21": 0.00047936899621425777,
    "22": 0.0027803401780426285,
    "23": -0.0010546117916714337
}