{
    "14": -0.5902949819382433,
    "15": -0.15780827355373528,
    "16": 0.29308620428540033,
    "17": 1.2447295355699555,
    "18": 0.3234781986453843,
    "19": -0.0047936899621428,
    "20": -0.0005752427954571759,
    "21": 0.0008628641931857084,
    "22": 0.006327670750028158,
    "23": -0.0020133497841001713
}