{
    "14": -0.9944989195461097,
    "15": -0.010258496518985138,
    "16": -0.34840538644852637,
    "17": 1.6364698792762504,
    "18": -0.17381919802729168,
    "19": 0.8872161381933577,
    "20": -0.1662451678871063,
    "21": -0.6018957116466284,
    "22": -1.6624516788710633,
    "23": 0.02636529479178451
}