{
    "14": -0.40573791839575213,
    "15": -0.0001917475984856143,
    "16": -0.3485012602477692,
    "17": 1.6373327434694365,
    "18": -0.17449031462199166,
    "19": 0.6003617308587428,
    "20": -0.1307718621672509,
    "21": -0.8299794800453746,
    "22": -1.6378121124656504,
    "23": 0.026173547193298674
}