{
    "14": -0.8688083687387299,
    "15": 0.16729977967877774,
    "16": 1.0005389688984092,
    "17": 1.6344565294921503,
    "18": 0.002876213977285602,
    "19": 0.8285413730567317,
    "20": 0.04793689962142633,
    "21": 0.703713686442538,
    "22": -1.6630269216665212,
    "23": 0.001821602185614113
}