{
    "14": 0.30804251696728535,
    "15": 0.052155346788111845,
    "16": -0.045827676038083576,
    "17": 0.7017962104576809,
    "18": -0.17372332422804881,
    "19": 1.1716737005469011,
    "20": 0.28196484357322943,
    "21": -0.2634612003193588,
    "22": -0.8210632167157894,
    "23": 0.02205097382585608
}