{
    "14": 0.22031799066007518,
    "15": 0.04256796686382658,
    "16": -0.06653641667453969,
    "17": 0.3833993231721675,
    "18": -0.17458618842123452,
    "19": 0.62548066626037,
    "20": -0.06433131929195401,
    "21": 0.35454130960006885,
    "22": -1.6496045897725216,
    "23": 0.38215296378201047
}