{
    "14": -0.3917403437062956,
    "15": 0.004410194765171238,
    "16": 1.0106057178189087,
    "17": 1.631580315514865,
    "18": 0.003739078170471255,
    "19": 0.3399684921151551,
    "20": -0.06404369789422548,
    "21": 0.7910547175527767,
    "22": -1.6600548338899923,
    "23": 0.0021092235833428674
}