{
    "14": 0.22031799066007518,
    "15": 0.04256796686382658,
    "16": -0.06663229047378261,
    "17": 0.38196121618352485,
    "18": -0.17410681942502026,
    "19": 0.5201153608924751,
    "20": 0.10162622719742376,
    "21": 0.6609539719802257,
    "22": -1.2164467647933135,
    "23": 0.4328702035814793
}