{
    "14": 0.10325608178455215,
    "15": 0.08686166211402435,
    "16": -0.4616323433543351,
    "17": 1.5163400088249563,
    "18": -0.9980462501180953,
    "19": 0.02205097382585608,
    "20": -0.10546117916713782,
    "21": 0.4062172873919663,
    "22": -1.3882526130365052,
    "23": 0.6114830915709136
}