{
    "14": -0.7233678152873226,
    "15": -0.45818088658159245,
    "16": 1.4381069886427889,
    "17": 1.6140354102534236,
    "18": 0.9077331312313279,
    "19": 0.005560680356085701,
    "20": 0.0017257283863713058,
    "21": 0.011984224905356555,
    "22": -0.002492718780314096,
    "23": -0.003834951969714062
}