{
    "14": -0.8850110408107721,
    "15": -0.16221846831890657,
    "16": 1.3899783414228766,
    "17": 1.1165462659822616,
    "18": 0.8831894386251578,
    "19": 0.004601942363656963,
    "20": 0.0010546117916714337,
    "21": 0.010066748920499524,
    "22": -0.0023009711818282597,
    "23": -0.0034514567727423895
}