{
    "14": 1.4012914497335331,
    "15": 0.6681445069234396,
    "16": 0.6982488798856953,
    "17": 3.136990711226136,
    "18": 2.397228476268286,
    "19": 2.9189736917478895,
    "20": -0.6484903780786548,
    "21": -0.8463738997159025,
    "22": -2.685808611989272,
    "23": 3.0755356059114676
}