{
    "14": 1.4483654851617738,
    "15": 0.6637343121582684,
    "16": 1.1373508804179602,
    "17": 3.0234761329225988,
    "18": -0.14026336829229333,
    "19": 2.8187855715391086,
    "20": -0.6085110037943853,
    "21": -0.941672456163298,
    "22": -2.532122911802979,
    "23": 1.2794358508958676
}