{
    "14": -0.31389081872109936,
    "15": -0.07267233982608223,
    "16": 0.31456193531579935,
    "17": 1.5141349114423706,
    "18": 1.246838759153298,
    "19": -0.013326458094756521,
    "20": 0.006327670750028269,
    "21": 0.012271846303085199,
    "22": 0.0014381069886426623,
    "23": -0.004985437560628192
}