{
    "14": -0.5401529849342315,
    "15": -0.05205947298886893,
    "16": 0.3530073288121831,
    "17": 0.8666991451553874,
    "18": 1.285188278850439,
    "19": -0.01025849651898536,
    "20": 0.004601942363656963,
    "21": 0.009587379924285266,
    "22": -0.00038349519697167267,
    "23": -0.005848301753813789
}