{
    "14": -0.26614566669815876,
    "15": -0.08992962368979573,
    "16": 1.047708878125893,
    "17": 1.4546931559118021,
    "18": 1.2492356041343688,
    "19": -0.014285196087184815,
    "20": 0.00594417555305693,
    "21": 0.013230584295513714,
    "22": 0.0023009711818282597,
    "23": -0.004218447166685291
}