{
    "14": -0.15521968097417838,
    "15": 0.09740778003073824,
    "16": 0.20382769719030458,
    "17": 0.3529114550129404,
    "18": 0.025118935401627376,
    "19": 0.8664115237576588,
    "20": 0.16356070150830648,
    "21": 0.2986468846414857,
    "22": -1.5636057918516828,
    "23": -1.549032974366769
}