{
    "14": -1.112615440213304,
    "15": -0.06183860051163992,
    "16": -0.38598791575172453,
    "17": 1.0734030563229777,
    "18": 1.5075196192946139,
    "19": 0.9010219652843285,
    "20": 0.06298908610255416,
    "21": 0.26211896712995897,
    "22": -1.3097319714566091,
    "23": -1.184904284842415
}