{
    "14": -0.7799333568406056,
    "15": -0.16346482770906368,
    "16": -0.4156129197177659,
    "17": 1.4993703463589712,
    "18": -0.39308257689569553,
    "19": 0.6915377139386956,
    "20": 0.20354007579257605,
    "21": 0.39394544108888124,
    "22": -1.4792368485179725,
    "23": 0.3717985934637822
}