{
    "14": -0.28656678593688634,
    "15": -0.27832163920200104,
    "16": -0.5012282224416332,
    "17": 1.546827876984183,
    "18": 0.09510680884890974,
    "19": 0.21264808672064683,
    "20": 0.12137622984145141,
    "21": 0.4902027355287052,
    "22": -1.5049310267150569,
    "23": 0.6943180541167382
}