{
    "14": -0.00393082576895698,
    "15": 0.04400607385246946,
    "16": 0.2007597356145333,
    "17": 0.3703604864751395,
    "18": 0.02579005199632734,
    "19": 0.2674878998875587,
    "20": -0.044677190447169335,
    "21": 0.06922088305333962,
    "22": -1.5628388014577395,
    "23": -1.7041567815417045
}