{
    "14": -0.06653641667453969,
    "15": 0.06030461972375445,
    "16": 0.20104735701226184,
    "17": 0.3736201956493965,
    "18": 0.0260776733940559,
    "19": 0.25377794659583097,
    "20": -0.0698919996480395,
    "21": -0.058770638935868647,
    "22": -1.34875260774845,
    "23": -0.5961432836920573
}