{
    "14": -0.39365781969115266,
    "15": -0.039979374284269564,
    "16": 0.24869663523595964,
    "17": 1.1798229734825436,
    "18": -0.21782527187976103,
    "19": 0.3116857213385136,
    "20": 0.0863822931178102,
    "21": -0.21571604829641833,
    "22": -1.234950408047184,
    "23": 0.12243084163312279
}