{
    "14": -0.7544309262420069,
    "15": -0.42213233806627987,
    "16": -0.6221250832868704,
    "17": 1.4878654904498294,
    "18": -0.17266871243637755,
    "19": 0.1914599770879768,
    "20": 0.11361045210278031,
    "21": 0.3085218859634995,
    "22": -0.006998787344728363,
    "23": 0.23632891513363163
}