{
    "14": -1.0813605816601342,
    "15": 0.0001917475984857253,
    "16": 0.3298058693954129,
    "17": 1.5258315149499988,
    "18": 1.3710912029720348,
    "19": 1.0070583872469232,
    "20": 0.025694178197084527,
    "21": -0.3643204371228398,
    "22": -1.4914128210218145,
    "23": -1.1925741887818433
}