{
    "14": -1.3218120701612084,
    "15": -0.027707527981184366,
    "16": 0.47927312241501996,
    "17": 1.532446807097756,
    "18": -1.4913169472225718,
    "19": 1.1690851079673443,
    "20": 0.024927187803141737,
    "21": -0.4327743297822366,
    "22": -1.4754977703475012,
    "23": 1.1009188367056761
}