{
    "14": -1.1127113140125469,
    "15": -0.035185684322126876,
    "16": -0.3880971393350673,
    "17": 1.5252562721545417,
    "18": 1.3705159601765775,
    "19": 0.9893217343869956,
    "20": 0.03384345113272702,
    "21": 0.3656626703122397,
    "22": -1.4911251996240864,
    "23": -1.1872052560242434
}