{
    "14": -0.16845026526969198,
    "15": 0.09903763461786674,
    "16": 0.2014308522092333,
    "17": 0.35243208601672604,
    "18": 0.024064323609955994,
    "19": 0.9277707552730843,
    "20": -0.18216021856141984,
    "21": -0.5460012866880455,
    "22": -1.5633181704539538,
    "23": -1.6426058024277932
}