{
    "14": -0.5498362386577594,
    "15": -0.17909225698564862,
    "16": -0.43891025293377905,
    "17": 0.5938423125102288,
    "18": 1.5591955970865115,
    "19": 0.4103398607594091,
    "20": 0.050141997004011896,
    "21": 0.39020636291841,
    "22": -0.6667063999347969,
    "23": -1.3692696007864205
}