{
    "14": -0.0034514567727428336,
    "15": 0.04362257865549779,
    "16": 0.20085560941377611,
    "17": 0.3703604864751395,
    "18": 0.02387257601147029,
    "19": 1.1168338873799897,
    "20": -0.11073423812549477,
    "21": 0.3486930078462548,
    "22": -1.5633181704539538,
    "23": -1.6619723098748493
}