{
    "14": 0.0003834951969714506,
    "15": -0.0022050973825855635,
    "16": -0.002588592579557014,
    "17": 0.0035473305719855297,
    "18": 0.0002876213977285602,
    "19": -0.559998861377502,
    "20": -0.08820389530342432,
    "21": 0.033268208337269844,
    "22": -1.5708922005941397,
    "23": -0.05819539614041158
}