{
    "14": 0.004697816162899882,
    "15": 0.009875001322014132,
    "16": -0.0040266995681998985,
    "17": -0.000671116594699761,
    "18": 0.014189322287942181,
    "19": 0.3296141217969275,
    "20": 0.14994662201582137,
    "21": 0.4464842830739645,
    "22": -1.4474067471693455,
    "23": 0.1998968714213476
}