{
    "14": 0.0021092235833428674,
    "15": 0.0023968449810714,
    "16": -0.0006711165946999831,
    "17": -9.587379924269612e-05,
    "18": 0.004410194765171217,
    "19": 0.10479006257243828,
    "20": 0.01802427425765618,
    "21": 0.4063131611912092,
    "22": -1.578370356935082,
    "23": 0.007957525337156768
}