{
    "14": -0.0021092235833428674,
    "15": -0.008724515731099558,
    "16": 0.004601942363656908,
    "17": -0.007094661143971059,
    "18": -0.0021092235833427564,
    "19": 0.4563592843959783,
    "20": 0.2080461443569901,
    "21": -0.792109329344448,
    "22": -1.6257320137610516,
    "23": -0.2803349889861009
}