{
    "14": -0.0017257283863714168,
    "15": -0.0011504855909141298,
    "16": 0.0006711165946999831,
    "17": 0.005368932757599865,
    "18": 0.000766990393942818,
    "19": -0.022434469022827308,
    "20": 0.3423653370962265,
    "21": -0.5040085626196759,
    "22": -1.472909177767944,
    "23": -0.06279733850406832
}