{
    "14": -0.0022050973825855635,
    "15": -0.0077657777386712645,
    "16": 0.0038349519697141177,
    "17": -0.006231796950785462,
    "18": -0.0018216021856141962,
    "19": 0.8346772962082749,
    "20": 0.3020983414142284,
    "21": 0.23652066273211725,
    "22": -1.5883412320563388,
    "23": -0.2634612003193588
}