{
    "14": 0.002492718780314318,
    "15": 0.005081311359871332,
    "16": -0.001821602185614224,
    "17": -0.0003834951969712286,
    "18": 0.007861651537913912,
    "19": 0.32750489821358464,
    "20": 0.07554855380336778,
    "21": 0.4358422913580079,
    "22": -1.4030171781199043,
    "23": 0.23862988631546012
}