{
    "14": -0.002588592579557014,
    "15": -0.005656554155328397,
    "16": 0.003067961575771272,
    "17": -0.0047936899621428,
    "18": -0.0012463593901570827,
    "19": 0.6233714426770276,
    "20": 0.24610804265640251,
    "21": 0.23910925531167426,
    "22": -1.3375353732370363,
    "23": -0.16729977967877763
}