{
    "14": 0.002492718780314318,
    "15": 0.013326458094756521,
    "16": -0.005656554155328397,
    "17": -0.0009587379924282935,
    "18": 0.018695390852356247,
    "19": -0.0652900572843822,
    "20": -0.061167483916939935,
    "21": 0.1693131294628777,
    "22": -0.43143209659283643,
    "23": 0.12645754120132247
}