{
    "14": 0.004410194765171349,
    "15": 0.011313108310656794,
    "16": -0.0046978161628997706,
    "17": -0.000671116594699761,
    "18": 0.01591505067431353,
    "19": -0.29759227284981415,
    "20": -0.07631554419731068,
    "21": 0.3822488375812533,
    "22": -1.5622635586622828,
    "23": 0.13038836697027945
}