{
    "14": 0.0022050973825857856,
    "15": 0.0040266995681998985,
    "16": -0.001246359390157159,
    "17": -0.00028762139772853246,
    "18": 0.006519418348513974,
    "19": 0.5492609958623027,
    "20": 0.0892585070950957,
    "21": 0.43488355336557927,
    "22": -1.4018666925289902,
    "23": 0.23882163391394573
}