{
    "14": 0.00124635939015727,
    "15": 0.0009587379924287376,
    "16": 9.587379924280715e-05,
    "17": 0.00028762139772853246,
    "18": 0.002300971181828461,
    "19": -0.3889600035282528,
    "20": -0.12386894862176556,
    "21": 0.5763932810480297,
    "22": -1.292858182789867,
    "23": 0.07267233982608223
}