{
    "14": 0.0027803401780428505,
    "15": 0.006423544549271298,
    "16": -0.002492718780314207,
    "17": -0.0005752427954570649,
    "18": 0.009491506125042404,
    "19": 0.4990231250590478,
    "20": 0.1669162844818063,
    "21": 0.4196396192859657,
    "22": -1.3742550383470489,
    "23": 0.2122645915236756
}