{
    "14": 0.04189685026912637,
    "15": -0.3165752850998991,
    "16": -0.742734322734379,
    "17": 1.545485643794784,
    "18": -0.4270219018276653,
    "19": 0.2529150824026454,
    "20": 0.6786906248401533,
    "21": 0.3568422807818973,
    "22": -1.2268011351115415,
    "23": 0.518293758706861
}