{
    "14": -1.1954504027591288,
    "15": 0.11782889926946583,
    "16": -0.6343010557907127,
    "17": 1.6779832343484058,
    "18": 1.37933634970692,
    "19": 1.3188399823846804,
    "20": 0.023776702212227385,
    "21": -0.6764855274575676,
    "22": -1.65861672690135,
    "23": -1.3068557574793236
}