{
    "14": -0.8160777791551611,
    "15": 0.02598179959481306,
    "16": -0.18321483035309138,
    "17": 1.5056021433097566,
    "18": 0.12981312417482238,
    "19": 1.0965086419405048,
    "20": -0.15157647660294993,
    "21": -1.3665851344076207,
    "22": -1.6588084744998355,
    "23": -0.2786092605997297
}