{
    "14": -0.9030353150684285,
    "15": 0.10392719837925224,
    "16": 1.2289103586948844,
    "17": 1.4021543139267187,
    "18": 0.5204988560894466,
    "19": 1.1254625293118465,
    "20": -0.14908375782263583,
    "21": -1.4057016444987043,
    "22": -1.6588084744998355,
    "23": -0.2793762509936726
}