{
    "14": -0.9464661461254407,
    "15": 0.047361656825969156,
    "16": 0.3947124314828241,
    "17": 1.6945694016174189,
    "18": 1.215488026800885,
    "19": 0.8502088516856166,
    "20": -0.003739078170471255,
    "21": 0.2613519767360162,
    "22": -1.6589043482990782,
    "23": -0.9552865356557831
}