{
    "14": -1.3658181440136778,
    "15": 0.08417719573522453,
    "16": 0.5044879316158903,
    "17": 1.6784626033446202,
    "18": 1.3735839217523487,
    "19": 1.2236372997365277,
    "20": 0.09913350841710955,
    "21": 0.5053507958090759,
    "22": -1.6214176927951227,
    "23": -1.0778132510881486
}