{
    "14": -0.5764891548472726,
    "15": -0.023393207015256046,
    "16": 0.09021724508752427,
    "17": 1.5966822525904671,
    "18": -0.18407769454627693,
    "19": 0.4917367163165909,
    "20": 0.19529492905769064,
    "21": -0.22252308804266074,
    "22": -1.5840269110904108,
    "23": -0.33833863752802684
}