{
    "14": -0.9464661461254407,
    "15": -0.04275971446231219,
    "16": -0.1627937111143638,
    "17": 1.6935147898257474,
    "18": 0.17957162598186285,
    "19": 1.7964832502125714,
    "20": 0.16576579889089205,
    "21": 0.05656554155328308,
    "22": -1.6585208531021065,
    "23": -0.014860438882642324
}