{
    "14": -0.5412075967259028,
    "15": 0.07008374724652522,
    "16": -0.1974041526410335,
    "17": 1.6957198872083339,
    "18": -0.1028725865875808,
    "19": 0.5051590482105901,
    "20": -0.034802189125155536,
    "21": 0.16068448753102094,
    "22": -1.6569868723142216,
    "23": -0.00632767075002838
}