{
    "14": -1.55814098529484,
    "15": -0.03969175288654092,
    "16": -0.16154735172420653,
    "17": 1.6935147898257474,
    "18": 0.17899638318640576,
    "19": 0.9285377456670272,
    "20": 0.09759952762922386,
    "21": -0.06950850445106804,
    "22": -1.658041484105893,
    "23": -0.018599517053113468
}