{
    "14": -1.1131906830087612,
    "15": 0.06193447431088284,
    "16": -0.0386371410948696,
    "17": 1.696295130003791,
    "18": -0.09807889662543817,
    "19": 1.0806894650654342,
    "20": 0.0026844663787998213,
    "21": 0.0205169930379705,
    "22": -1.6570827461134643,
    "23": -0.03202184894711291
}