{
    "14": -1.4440511641958456,
    "15": 0.0772742821897392,
    "16": -0.3509939790280834,
    "17": 1.572138559984296,
    "18": 1.2061882682743281,
    "19": 1.4116458200517612,
    "20": -0.04103398607594089,
    "21": -0.4483058852595785,
    "22": -1.5975451167836523,
    "23": -1.0722525707320631
}