{
    "14": -0.7328593214123651,
    "15": -0.056086172557068714,
    "16": -0.004793689962142578,
    "17": 1.6957198872083339,
    "18": 1.059405481633521,
    "19": 0.7072610170145235,
    "20": 0.05829126993965428,
    "21": -0.031638353750141346,
    "22": -1.6613970670793927,
    "23": -0.909842354814671
}