{
    "14": -1.1562380188688022,
    "15": 0.10047574160650952,
    "16": -0.23738352692530307,
    "17": 0.8359236555984317,
    "18": -0.8793544866554439,
    "19": 1.1249831603156322,
    "20": 0.023680828412984578,
    "21": 0.13364807614453655,
    "22": -0.7748520454807348,
    "23": 0.2417937216904742
}