{
    "14": -0.001821602185614113,
    "15": 0.0,
    "16": 0.0,
    "17": -0.0010546117916709896,
    "18": -0.0004793689962142855,
    "19": 0.5624915801578161,
    "20": 0.02799514937891301,
    "21": -0.5141711853394184,
    "22": -1.0467501401334642,
    "23": -0.8520304538712309
}