{
    "14": -0.0017257283863714168,
    "15": 0.0,
    "16": 0.0,
    "17": -0.0005752427954570649,
    "18": 0.0003834951969713951,
    "19": 0.3559794165887116,
    "20": 0.1045024411747093,
    "21": 0.29241508769070035,
    "22": -1.053365432281221,
    "23": -1.2319783202706556
}