{
    "14": -1.3899783414228766,
    "15": -0.34016023971364096,
    "16": -0.08887501189812436,
    "17": 1.5860402608745097,
    "18": 1.154799911880159,
    "19": 0.006135923151542766,
    "20": -0.008341020534128218,
    "21": 0.08254734114809614,
    "22": -0.07650729179579674,
    "23": 0.016298545871284764
}