{
    "14": 0.011313108310656794,
    "15": 0.015531555477342085,
    "16": 0.020900488234941728,
    "17": 0.009299758526557067,
    "18": 0.00623179695078542,
    "19": 0.956,
    "20": 0.343,
    "21": -0.232,
    "22": -1.751,
    "23": -1.141
}