{
    "14": 0.0,
    "15": 0.0,
    "16": 0.0,
    "17": 0.0,
    "18": 0.0,
    "19": 1.1446372891604173,
    "20": -0.12070511324675137,
    "21": -0.40765539438060905,
    "22": -1.6233351687799797,
    "23": -1.6230475473822512
}