{
    "14": 0.0,
    "15": 0.0,
    "16": 0.0,
    "17": 0.0,
    "18": 0.0,
    "19": 1.2391688552138698,
    "20": 0.2696929972701443,
    "21": 0.30468693399378555,
    "22": -1.6260196351587797,
    "23": -1.0468460139327072
}