{
    "14": 0.011313108310656794,
    "15": 0.015052186481127716,
    "16": 0.020612866837213195,
    "17": 0.00910801092807123,
    "18": 0.006040049352299709,
    "19": 0.9733108099134395,
    "20": 0.7040013078402664,
    "21": 0.2540655679935593,
    "22": -1.627841237344394,
    "23": -0.8589333674167161
}