{
    "14": -0.2992221274369431,
    "15": 0.08024636996626766,
    "16": 0.821926080908975,
    "17": 0.7558690332306504,
    "18": 0.7179988825297229,
    "19": 1.1446372891604173,
    "20": -0.12070511324675137,
    "21": -0.40765539438060905,
    "22": -1.6233351687799797,
    "23": -1.6230475473822512
}