{
    "14": -0.2992221274369431,
    "15": 0.08024636996626766,
    "16": 0.821926080908975,
    "17": 0.7558690332306504,
    "18": 0.7179988825297229,
    "19": 1.2391688552138698,
    "20": 0.2696929972701443,
    "21": 0.30468693399378555,
    "22": -1.6260196351587797,
    "23": -1.0468460139327072
}