{
    "14": -0.2992221274369431,
    "15": 0.08024636996626766,
    "16": 0.821926080908975,
    "17": 0.7558690332306504,
    "18": 0.7179988825297229,
    "19": 0.37026461267589683,
    "20": 0.08619054551932448,
    "21": -0.7474321388972786,
    "22": -0.7217379607001941,
    "23": -0.7417755847419503
}