{
    "14": -0.12712865779602245,
    "15": -0.007669903939428124,
    "16": -0.001917475984857031,
    "17": 0.5933629435140149,
    "18": -0.27036411386484427,
    "19": 0.048224521019154754,
    "20": 0.01572330307582781,
    "21": -0.004410194765171238,
    "22": -0.7295996122381081,
    "23": 0.17899638318640565
}