{
    "14": -1.2779018701079818,
    "15": -0.07420632061396781,
    "16": 0.1875291513190196,
    "17": 0.29903037983845726,
    "18": -0.9999637261029523,
    "19": 1.122969810531532,
    "20": 0.13479856173545074,
    "21": 0.07094661143971093,
    "22": -0.520019487093232,
    "23": 0.6065935278095282
}