{
    "14": 0.09836651802316676,
    "15": -0.016682041068256326,
    "16": -0.19587017185314792,
    "17": 0.9310304644473417,
    "18": -0.4468677782709358,
    "19": -0.12051336564826576,
    "20": 0.0040266995681997875,
    "21": 0.29337382568312886,
    "22": -1.039080236194036,
    "23": 0.17842114039094858
}