{
    "14": 0.06922088305333962,
    "15": -0.0164902934697706,
    "16": -0.1950073076599621,
    "17": 0.1084332669436665,
    "18": -0.3486930078462548,
    "19": -0.08686166211402435,
    "20": 0.008916263329585283,
    "21": 0.29078523310357185,
    "22": -0.21466143650474656,
    "23": 0.0020133497840999492
}