{
    "14": -0.0005752427954570649,
    "15": 0.005752427954571204,
    "16": -0.004601942363656963,
    "17": -0.00124635939015727,
    "18": -0.008053399136399797,
    "19": 0.5445631796994026,
    "20": 0.7786869974504486,
    "21": 0.9688047413490253,
    "22": -1.1433909297702596,
    "23": 0.2986468846414856
}