{
    "14": -0.07027549484501106,
    "15": -0.018311895655384824,
    "16": 0.6394782409498267,
    "17": 0.40938112276698035,
    "18": -0.05301821098129755,
    "19": 0.5474393936766879,
    "20": 0.6629673217643255,
    "21": -0.5797488640215296,
    "22": -1.5160523874272278,
    "23": 1.3013909509224804
}