{
    "14": -0.07027549484501106,
    "15": -0.018311895655384824,
    "16": 0.6394782409498267,
    "17": 0.4095728703654662,
    "18": -0.053209958579782946,
    "19": 1.7522854287616165,
    "20": 0.655489165423383,
    "21": -0.6285486278361414,
    "22": -1.5436640416091691,
    "23": 1.3005280867292952
}