{
    "14": -0.5493568696615452,
    "15": -0.08034224376551047,
    "16": 0.362882330134197,
    "17": 1.0904685925882047,
    "18": 1.3670645034038347,
    "19": 0.1559866713681215,
    "20": -0.12732040539450817,
    "21": -0.8163654005528896,
    "22": -0.8487707446969739,
    "23": -0.3985473834525384
}