{
    "14": -1.2697525971723393,
    "15": 0.07257646602683931,
    "16": 0.6924005781318814,
    "17": 1.4819213148967725,
    "18": 1.381253825691777,
    "19": 0.8585498722197449,
    "20": 0.14170147528093607,
    "21": -0.5452342962941025,
    "22": -1.5451980223970545,
    "23": -1.4448181545897882
}