{
    "14": -1.190656712796986,
    "15": -0.039595879087298114,
    "16": 0.5097609905742473,
    "17": 1.4799079651126723,
    "18": 0.8676578831478158,
    "19": 1.0199054763454658,
    "20": 0.06222209570861126,
    "21": -0.3785097594107819,
    "22": -1.557182247302411,
    "23": -1.0228775641219943
}