{
    "14": -0.16193084692117798,
    "15": -0.08398544813673892,
    "16": 0.227029156607075,
    "17": 0.6881821309651959,
    "18": -0.09021724508752428,
    "19": 0.07765777738671087,
    "20": 0.08695753591326727,
    "21": -0.195007307659962,
    "22": -0.7820425804239486,
    "23": 0.02406432360995603
}