{
    "14": -1.43580601746096,
    "15": 0.09932525601559528,
    "16": 0.6949891707114382,
    "17": 1.481441945900558,
    "18": 1.381253825691777,
    "19": 1.2637125478200395,
    "20": 0.0756444276026107,
    "21": -0.6343969295899555,
    "22": -1.5442392844046267,
    "23": -1.4198909667866466
}