{
    "14": 0.0,
    "15": 0.0,
    "16": 0.0,
    "17": 0.0,
    "18": 0.0,
    "19": 1.0779091248873913,
    "20": 0.6700619829082965,
    "21": -0.09012137128828146,
    "22": -1.3437671701878218,
    "23": 0.2823483387702008
}