{
    "14": 0.008245146734885411,
    "15": 0.030391994359984298,
    "16": 0.0011504855909141298,
    "17": 0.003643204371228226,
    "18": 0.001533980787885636,
    "19": 0.34111897770606925,
    "20": 0.0033555829734999154,
    "21": 0.041896850269126595,
    "22": -0.7944103005262764,
    "23": 0.22760439940253197
}