{
    "14": -0.010450244117470975,
    "15": 0.022530342822070004,
    "16": -0.00412257336744265,
    "17": 0.005368932757599421,
    "18": 0.005177185159113973,
    "19": 0.6242343068702132,
    "20": -0.009299758526556734,
    "21": -0.0011504855909143519,
    "22": -1.0084006204363232,
    "23": 0.0021092235833427564
}