{
    "14": -0.7563484022268638,
    "15": 0.14103035868623615,
    "16": -0.44782651626336445,
    "17": 1.635127646086851,
    "18": -0.17410681942502026,
    "19": 0.6920170829349099,
    "20": -0.14860438882642146,
    "21": -0.7556772856321639,
    "22": -1.6606300766854494,
    "23": 0.026461168591027207
}