{
    "14": -0.05656554155328286,
    "15": 0.05579855115934029,
    "16": 0.4163799101117087,
    "17": 1.337918868434008,
    "18": 0.002205097382585619,
    "19": 0.10009224640953818,
    "20": -0.12271846303085132,
    "21": -0.2771711536110868,
    "22": -1.2663970141988399,
    "23": 0.002588592579557014
}