{
    "14": 0.1727645862356204,
    "15": 0.04256796686382658,
    "16": -0.06653641667453969,
    "17": 0.3841663135661104,
    "18": -0.1747779360197202,
    "19": -0.06663229047378261,
    "20": -0.027995149378912898,
    "21": 0.10037986780726671,
    "22": -0.7256687864691513,
    "23": 0.3481177650507976
}