{
    "14": 0.4926954543090193,
    "15": 0.17794177139473444,
    "16": -1.1517319503043881,
    "17": 1.1157792755883182,
    "18": -0.37956437120245323,
    "19": 0.5154175447295755,
    "20": -0.09012137128828146,
    "21": 0.10066748920499524,
    "22": -1.3063763884831094,
    "23": 0.4326784559829937
}