{
    "14": -0.4258714162367512,
    "15": -0.7305583502305364,
    "16": -0.7297913598365937,
    "17": 1.808467475117928,
    "18": -0.07180947563289657,
    "19": -0.01370995329172775,
    "20": 0.32395756764159883,
    "21": 0.0743980682124536,
    "22": -1.3755972715364484,
    "23": -0.1431395822695789
}