{
    "14": -0.1045024411747093,
    "15": 0.07430219441321073,
    "16": -0.440923602717879,
    "17": 1.5762611333517391,
    "18": -1.045024411747093,
    "19": 0.19654128844784768,
    "20": -0.11207647131489462,
    "21": 0.3769757786228962,
    "22": -1.4955353943892575,
    "23": 0.6389988719536125
}