{
    "14": -0.17544905261442034,
    "15": 0.12367720102328006,
    "16": 0.2368082841298459,
    "17": 1.6129807984617512,
    "18": 0.06135923151542565,
    "19": 0.19788352163724765,
    "20": -0.09759952762922397,
    "21": -0.2769794060126012,
    "22": -1.5342684092833698,
    "23": -0.1316347263604366
}