{
    "14": 0.47016511148694895,
    "15": 0.17890050938716273,
    "16": -0.8032306900566188,
    "17": 1.2554674010851548,
    "18": -0.3810024781910961,
    "19": 0.23278158456164633,
    "20": 0.04918325901158338,
    "21": -0.1670121582810492,
    "22": -1.5034929197264142,
    "23": 0.40688840398666626
}