{
    "14": 0.48071122940366273,
    "15": 0.1794757521826198,
    "16": -1.2263217661153274,
    "17": 1.1859588966340864,
    "18": -0.37956437120245323,
    "19": 0.7833848136133486,
    "20": 0.08465656473143879,
    "21": 0.37707165242213925,
    "22": -1.6111591962761378,
    "23": 0.4053544231987807
}