{
    "14": -0.4656590429225351,
    "15": -0.4775473940286483,
    "16": -0.9292088622617272,
    "17": 1.5251603983552986,
    "18": -0.9107052190078566,
    "19": -0.11543205428839443,
    "20": 0.17746240239852012,
    "21": -0.022242721424341694,
    "22": -0.05982525072754008,
    "23": -0.16892963426590613
}