{
    "14": -0.37112747686908243,
    "15": -0.15512380717493546,
    "16": 0.6994952392758524,
    "17": 1.6617805622763635,
    "18": -0.4354587961610364,
    "19": 0.09596967304209558,
    "20": 0.15080948620900714,
    "21": -0.3432282012894121,
    "22": -1.5742477835676394,
    "23": -0.1728604600348631
}