{
    "14": -0.16125973032647822,
    "15": -0.022913838019041677,
    "16": -1.0501057231069642,
    "17": 1.6107757010791657,
    "18": 0.056469667754040165,
    "19": 0.2624065885276874,
    "20": -0.010737865515199507,
    "21": 1.149718600520288,
    "22": -1.5307210787113839,
    "23": -0.08187622455339605
}