{
    "14": 0.455784041600521,
    "15": 0.1729563338341058,
    "16": -1.0800183484707342,
    "17": 1.1934370529750291,
    "18": -0.3799478663994247,
    "19": 0.5524248312373166,
    "20": 0.31283620692942793,
    "21": 0.3118774689369995,
    "22": -0.9084042478260281,
    "23": 0.40573791839575213
}