{
    "14": -0.27602066802017267,
    "15": -0.17247696483789143,
    "16": -0.6887573737606529,
    "17": 1.6535354155414783,
    "18": -0.35041873623262615,
    "19": -0.1342233189399935,
    "20": -0.08369782673901027,
    "21": 0.46517967392632076,
    "22": -1.0226858165235084,
    "23": -0.08686166211402435
}