{
    "14": -0.36173184454328267,
    "15": 0.0007669903939427902,
    "16": -0.0026844663787999323,
    "17": 0.0027803401780426285,
    "18": -0.0023009711818282597,
    "19": -0.0008628641931855974,
    "20": 0.00028762139772853246,
    "21": -0.001246359390157048,
    "22": -0.0005752427954570649,
    "23": -0.0034514567727428336
}