{
    "14": -1.306472262282352,
    "15": -0.14266021327336464,
    "16": 0.13058011456876528,
    "17": 1.5978327381813808,
    "18": 1.253933420297269,
    "19": 0.10392719837925224,
    "20": 0.030487868159227105,
    "21": -0.38464568256232445,
    "22": -0.39193209130478124,
    "23": -0.03432282012894139
}